{"cameraMode":{"drawMode":0,"name":"Shaded","section":"Shading Mode"},"sceneLighting":false,"audioPlay":false,"sceneViewState":{"showFog":false,"showMaterialUpdate":false,"showSkybox":false,"showFlares":false,"showImageEffects":false,"showParticleSystems":false},"in2DMode":false,"pivot":{"x":299.3088073730469,"y":199.46237182617188,"z":-1.114715576171875},"rotation":{"x":0.0007302227895706892,"y":-0.9989145398139954,"z":0.04348013177514076,"w":0.016779934987425805},"size":449.6415100097656,"orthographic":false}