{"cameraMode":{"drawMode":0,"name":"Shaded","section":"Shading Mode"},"sceneLighting":false,"audioPlay":false,"sceneViewState":{"showFog":false,"showMaterialUpdate":false,"showSkybox":false,"showFlares":false,"showImageEffects":false,"showParticleSystems":false},"in2DMode":false,"pivot":{"x":-0.23680445551872254,"y":-3.273587226867676,"z":2.5987586975097658},"rotation":{"x":0.5264170169830322,"y":-0.006376573815941811,"z":0.003948200959712267,"w":0.8501938581466675},"size":18.871456146240236,"orthographic":false}