{"cameraMode":{"drawMode":0,"name":"Shaded","section":"Shading Mode"},"sceneLighting":false,"audioPlay":false,"sceneViewState":{"showFog":false,"showMaterialUpdate":false,"showSkybox":false,"showFlares":false,"showImageEffects":false,"showParticleSystems":false},"in2DMode":false,"pivot":{"x":43.41999816894531,"y":2.559999942779541,"z":31.610000610351564},"rotation":{"x":0.17856602370738984,"y":-0.07077588140964508,"z":0.012879177927970887,"w":0.9812958836555481},"size":2.8578836917877199,"orthographic":false}