{"cameraMode":{"drawMode":0,"name":"Shaded","section":"Shading Mode"},"sceneLighting":false,"audioPlay":false,"sceneViewState":{"showFog":false,"showMaterialUpdate":false,"showSkybox":false,"showFlares":false,"showImageEffects":false,"showParticleSystems":false},"in2DMode":false,"pivot":{"x":327.00006103515627,"y":184.00009155273438,"z":0.00000858306884765625},"rotation":{"x":0.4394318759441376,"y":0.037708524614572528,"z":-0.0184670090675354,"w":0.8972939848899841},"size":268.60064697265627,"orthographic":false}