{"cameraMode":{"drawMode":0,"name":"Shaded","section":"Shading Mode"},"sceneLighting":false,"audioPlay":false,"sceneViewState":{"showFog":false,"showMaterialUpdate":false,"showSkybox":false,"showFlares":false,"showImageEffects":false,"showParticleSystems":false},"in2DMode":false,"pivot":{"x":58.82270431518555,"y":-7.205509185791016,"z":-30.907617568969728},"rotation":{"x":0.6920539140701294,"y":-0.15419213473796845,"z":0.1551201343536377,"w":0.687914252281189},"size":48.92532730102539,"orthographic":false}