{"cameraMode":{"drawMode":0,"name":"Shaded","section":"Shading Mode"},"sceneLighting":false,"audioPlay":false,"sceneViewState":{"showFog":true,"showMaterialUpdate":false,"showSkybox":false,"showFlares":true,"showImageEffects":true,"showParticleSystems":true},"in2DMode":false,"pivot":{"x":-0.28002262115478518,"y":1.7431397438049317,"z":0.0},"rotation":{"x":-0.34371161460876467,"y":0.09640111029148102,"z":-0.03550215810537338,"w":-0.9334526658058167},"size":28.39266586303711,"orthographic":false}