{"cameraMode":{"drawMode":0,"name":"Shaded","section":"Shading Mode"},"sceneLighting":false,"audioPlay":false,"sceneViewState":{"showFog":true,"showMaterialUpdate":false,"showSkybox":false,"showFlares":true,"showImageEffects":true,"showParticleSystems":true},"in2DMode":false,"pivot":{"x":-0.14999985694885255,"y":5.079999923706055,"z":34.358612060546878},"rotation":{"x":0.5663588643074036,"y":-0.13328589498996736,"z":0.09343389421701431,"w":0.8079274892807007},"size":24.552509307861329,"orthographic":false}