{"cameraMode":{"drawMode":0,"name":"Shaded","section":"Shading Mode"},"sceneLighting":true,"audioPlay":false,"sceneViewState":{"showFog":true,"showMaterialUpdate":false,"showSkybox":false,"showFlares":true,"showImageEffects":true,"showParticleSystems":true},"in2DMode":false,"pivot":{"x":4.821805953979492,"y":-1.9579172134399415,"z":-1.124882698059082},"rotation":{"x":-0.04192408174276352,"y":0.058725886046886447,"z":0.0023873229511082174,"w":0.9974596500396729},"size":6.909000873565674,"orthographic":false}