{"cameraMode":{"drawMode":0,"name":"Shaded","section":"Shading Mode"},"sceneLighting":false,"audioPlay":false,"sceneViewState":{"showFog":true,"showMaterialUpdate":false,"showSkybox":false,"showFlares":true,"showImageEffects":true,"showParticleSystems":true},"in2DMode":false,"pivot":{"x":-6.056953430175781,"y":-27.50926971435547,"z":3.6208839416503908},"rotation":{"x":0.29692915081977847,"y":-0.698382556438446,"z":0.4095681607723236,"w":0.5063149929046631},"size":2.8578836917877199,"orthographic":false}