{"cameraMode":{"drawMode":0,"name":"Shaded","section":"Shading Mode"},"sceneLighting":false,"audioPlay":false,"sceneViewState":{"showFog":true,"showMaterialUpdate":false,"showSkybox":false,"showFlares":true,"showImageEffects":true,"showParticleSystems":true},"in2DMode":false,"pivot":{"x":0.0017828941345214844,"y":2.38181734085083,"z":0.3085562586784363},"rotation":{"x":-0.1220487728714943,"y":-0.8760305047035217,"z":0.2974320352077484,"w":-0.35947564244270327},"size":10.687621116638184,"orthographic":false}