{"cameraMode":{"drawMode":0,"name":"Shaded","section":"Shading Mode"},"sceneLighting":false,"audioPlay":false,"sceneViewState":{"showFog":true,"showMaterialUpdate":false,"showSkybox":false,"showFlares":true,"showImageEffects":true,"showParticleSystems":true},"in2DMode":false,"pivot":{"x":-5.439000129699707,"y":2.80469012260437,"z":-7.321199417114258},"rotation":{"x":0.02716653235256672,"y":0.9169231653213501,"z":-0.3930840492248535,"w":0.06336811184883118},"size":30.6640567779541,"orthographic":false}